
/*!40101 SET @OLD_CHARACTER_SET_CLIENT=@@CHARACTER_SET_CLIENT */;
/*!40101 SET @OLD_CHARACTER_SET_RESULTS=@@CHARACTER_SET_RESULTS */;
/*!40101 SET @OLD_COLLATION_CONNECTION=@@COLLATION_CONNECTION */;
/*!40101 SET NAMES utf8 */;
/*!40103 SET @OLD_TIME_ZONE=@@TIME_ZONE */;
/*!40103 SET TIME_ZONE='+00:00' */;
/*!40014 SET @OLD_UNIQUE_CHECKS=@@UNIQUE_CHECKS, UNIQUE_CHECKS=0 */;
/*!40014 SET @OLD_FOREIGN_KEY_CHECKS=@@FOREIGN_KEY_CHECKS, FOREIGN_KEY_CHECKS=0 */;
/*!40101 SET @OLD_SQL_MODE=@@SQL_MODE, SQL_MODE='NO_AUTO_VALUE_ON_ZERO' */;
/*!40111 SET @OLD_SQL_NOTES=@@SQL_NOTES, SQL_NOTES=0 */;



LOCK TABLES `tb_csm_vehicle` WRITE;
/*!40000 ALTER TABLE `tb_csm_vehicle` DISABLE KEYS */;
INSERT INTO `tb_csm_vehicle` VALUES ('3147364DA789938a8867fabc63789843','轿车',NULL,4,NULL,NULL),('3247364DA789938a8867fabc63789843','商务车',NULL,6,NULL,NULL),('3347364DA789938a8867fabc63789843','大巴',NULL,12,NULL,NULL),('3447364DA789938a8867fabc63789843','自行车',NULL,2,NULL,NULL);
/*!40000 ALTER TABLE `tb_csm_vehicle` ENABLE KEYS */;
UNLOCK TABLES;
/*!40103 SET TIME_ZONE=@OLD_TIME_ZONE */;



LOCK TABLES `tb_csm_hostel` WRITE;
/*!40000 ALTER TABLE `tb_csm_hostel` DISABLE KEYS */;
INSERT INTO `tb_csm_hostel` VALUES ('1212','1212','12','11','3747364DA789938a8867fabc63789843','天津市 - 天津市 - 河西区 - 啊实打实的','12',NULL,'萨达十大','1','12',NULL,'12','阿萨帝',NULL),(NULL,NULL,NULL,NULL,'3747364DA789938a8867fabc637898c3',NULL,NULL,NULL,NULL,NULL,NULL,NULL,NULL,NULL,NULL);
/*!40000 ALTER TABLE `tb_csm_hostel` ENABLE KEYS */;
UNLOCK TABLES;


LOCK TABLES `tb_biz_route` WRITE;
/*!40000 ALTER TABLE `tb_biz_route` DISABLE KEYS */;
INSERT INTO `tb_biz_route` VALUES ('334887dea0734a179022bc7b7bc46230','2017-05-08 00:00:00','哈哈哈',NULL,'BOB三日游','4','/images/2015-07-25/null/8b7914d1b808445b9387de82939e7547.jpg','2017-06-09 00:00:00','3747364DA789938a8867fabc63789843','1002'),('3a2970025a804a1bb37d697a89fe7ecf','2015-07-23 23:57:47','',NULL,'盐湖城+西峡谷+主题公园五选二|','4','',NULL,'3747364DA789938a8867fabc63789843','1002'),('40fe4a1d19f045c49b5bf0d1076b5593','2015-07-30 16:07:38','费用包括\r\n提供$500-$1000万商业车险。\r\n4晚酒店住宿, 所有酒店提供标准间, 双人床；\r\n豪华空调巴士\r\n最具经验的专职双语导游和超过10年驾驶经验的车长。\r\n费用不包括\r\n您往返出发地和机场的机票；\r\n服务费（建议每人每天支付导游和司机共$8.00）；\r\n所有个人费用（洗衣费、电话费等）、餐费和个人保险；\r\n必须支付费用：$50/人(包含黄石国家公园+大提顿国家公园+布莱斯峡谷+鲍威尔湖门票）\r\n行程中的自费项目（若更改,恕不令行通知）：\r\n鲍威尔湖船票：$50.00 /成人；$50.00 /小孩','名字太长','美西[绚烂5日游] 拉斯维加斯+盐湖城+黄石公园+大提顿公园+布莱斯峡谷+鲍威尔湖|七彩黄石扣人心弦','4','/images/2015-07-30/admin/6c0b94e72728414d93b59881510d4e44.jpg',NULL,'3747364DA789938a8867fabc637898c3','1002'),('5eb3879bd33c476c9e4e468014c9e5d1','2015-07-30 01:22:39','本路线出发前5天为退团截止时间',NULL,'盐湖城+西峡谷+主题公园五选二|','1','/images/2015-07-30/admin/25de4e0c8f824ff39a2b7eed46a8b235.jpg',NULL,'3747364DA789938a8867fabc637898c3','1002'),('ac809de71d8b44a8b72090478863394a','2015-07-24 11:29:40','',NULL,'盐湖城+西峡谷+主题公园五选二|','6','',NULL,'3747364DA789938a8867fabc637898c3','1002'),('ae33fa623d384129bf4d233f632cfa33','2015-07-31 00:21:16','不准带小孩',NULL,'Jerry三日游','3','/images/2015-07-25/null/5fb51d4c9ffe41b980b5e56490b6d266.jpg',NULL,'3747364DA789938a8867fabc637898c3','1002'),('b7c649d3156046dcac9a5ad3d17e5489','2015-07-24 13:28:22','费用包括\r\n提供$500-$1000万商业车险。\r\n4晚酒店住宿, 所有酒店提供标准间, 双人床；\r\n豪华空调巴士\r\n最具经验的专职双语导游和超过10年驾驶经验的车长。\r\n费用不包括\r\n您往返出发地和机场的机票；\r\n服务费（建议每人每天支付导游和司机共$8.00）；\r\n所有个人费用（洗衣费、电话费等）、餐费和个人保险；\r\n必须支付费用：$50/人(包含黄石国家公园+大提顿国家公园+布莱斯峡谷+鲍威尔湖门票）\r\n行程中的自费项目（若更改,恕不令行通知）：\r\n鲍威尔湖船票：$50.00 /成人；$50.00 /小孩',NULL,'美西[绚烂5日游] 拉斯维加斯+盐湖城+黄石公园+大提顿公园+布莱斯峡谷+鲍威尔湖|七彩黄石扣人心弦','4','/images/2015-07-30/admin/25de4e0c8f824ff39a2b7eed46a8b235.jpg',NULL,'3747364DA789938a8867fabc637898c3','1002'),('d92cfedbfa9649dbb2c0415bb16c98af','2015-07-24 12:33:05','',NULL,'[魅力10日游] 洛杉矶+羚羊彩穴+黄石国家公园+盐湖城+西峡谷+主题公园五选二|动感美西绚丽黄石','3',NULL,NULL,'3747364DA789938a8867fabc63789843','1002'),('f6eb00b3dee147169446aa5b39c7a33c','2015-07-25 03:19:47','1',NULL,'1','5',NULL,NULL,'3747364DA789938a8867fabc637898c3','1002');
/*!40000 ALTER TABLE `tb_biz_route` ENABLE KEYS */;
UNLOCK TABLES;

LOCK TABLES `tb_biz_route_detail` WRITE;
/*!40000 ALTER TABLE `tb_biz_route_detail` DISABLE KEYS */;
INSERT INTO `tb_biz_route_detail` VALUES ('008929539e4542ec8e5b778d5c4cb756','12567',NULL,3000,NULL,NULL,6,'轿车','3a2970025a804a1bb37d697a89fe7ecf','3147364DA789938a8867fabc63789843'),('0dd47a2016124a9982875a52b140a448','13',NULL,400,NULL,NULL,1,'大巴','ae33fa623d384129bf4d233f632cfa33','3347364DA789938a8867fabc63789843'),('26d2d93f69164a7085c915040b827bc5','12',NULL,3000,NULL,NULL,5,'轿车','d92cfedbfa9649dbb2c0415bb16c98af','3147364DA789938a8867fabc63789843'),('2c6a3ccfc49742079e8fd9549a35d6c5','1',NULL,200,NULL,NULL,1,'轿车','334887dea0734a179022bc7b7bc46230','3147364DA789938a8867fabc63789843'),('504e2743e23b4e008d381179f6f51119','23',NULL,3500,NULL,NULL,10,'商务车','b7c649d3156046dcac9a5ad3d17e5489','3247364DA789938a8867fabc63789843'),('534bb50ae77a4875be5c2ed679cb7750','13',NULL,200,NULL,NULL,1,'轿车','ae33fa623d384129bf4d233f632cfa33','3147364DA789938a8867fabc63789843'),('5ce7089bf40d48c2becb9fc78f3022d0','12567',NULL,200,NULL,NULL,20,'自行车','3a2970025a804a1bb37d697a89fe7ecf','3447364DA789938a8867fabc63789843'),('644896e4f426480182982fb2425fb6bc','12',NULL,5000,NULL,NULL,5,'商务车','d92cfedbfa9649dbb2c0415bb16c98af','3247364DA789938a8867fabc63789843'),('9a80de9e24a1407dac5fc61c2ff820de','23',NULL,2000,NULL,NULL,5,'轿车','b7c649d3156046dcac9a5ad3d17e5489','3147364DA789938a8867fabc63789843'),('a6d91d570dc34b49b38c1407cb961c1f','23',NULL,3500,NULL,NULL,10,'商务车','40fe4a1d19f045c49b5bf0d1076b5593','3247364DA789938a8867fabc63789843'),('a80c6f7c7eb0457eb6b53385deedb41f','12567',NULL,200,NULL,NULL,20,'自行车','5eb3879bd33c476c9e4e468014c9e5d1','3447364DA789938a8867fabc63789843'),('ac810fb824ee49a1a4422e757bc240ae','12567',NULL,3000,NULL,NULL,6,'轿车','ac809de71d8b44a8b72090478863394a','3147364DA789938a8867fabc63789843'),('bf1cbda2e61e4754ae768d53c2b78bfe','12567',NULL,3000,NULL,NULL,6,'轿车','5eb3879bd33c476c9e4e468014c9e5d1','3147364DA789938a8867fabc63789843'),('c293f3a7581a4f9fbeb498801d749c3c','1',NULL,300,NULL,NULL,1,'商务车','334887dea0734a179022bc7b7bc46230','3247364DA789938a8867fabc63789843'),('d42e0d44066c438ab2b7c98a7eaae3af','1',NULL,1,NULL,NULL,1,'轿车','f6eb00b3dee147169446aa5b39c7a33c','3147364DA789938a8867fabc63789843'),('d9f2837c82af47668c342efcbfa99bfd','12567',NULL,200,NULL,NULL,20,'自行车','ac809de71d8b44a8b72090478863394a','3447364DA789938a8867fabc63789843'),('e5b9c24d17be47fd90c680f70c31cde5','23',NULL,2000,NULL,NULL,5,'轿车','40fe4a1d19f045c49b5bf0d1076b5593','3147364DA789938a8867fabc63789843');
/*!40000 ALTER TABLE `tb_biz_route_detail` ENABLE KEYS */;
UNLOCK TABLES;

LOCK TABLES `tb_biz_route_node` WRITE;
/*!40000 ALTER TABLE `tb_biz_route_node` DISABLE KEYS */;
INSERT INTO `tb_biz_route_node` VALUES ('01cb207729fe4f4cb3f014caaa76212e','','沿大盐湖北行，辽阔的草原，驰骋的牛羊，游着名的杰克森牛仔城，沿着蛇河谷，进入【大提顿国家公园】，高耸的山颠覆盖着千年的冰河，山连山，峰连峰，犹胜富士雪山。眺望巍峨的大提顿山脉，柔美的蛇河映衬刚毅的雪山，摄人心魄，一见难忘。随后进入全球第一的【黄石公园】，我们会游览世界著名的【老忠实喷泉区】，和黄石公园的标志性景点【大棱镜】，它也是众多彩池中最大的一个。夜宿黄石湖小木屋。',NULL,'','喷泉',2,'ac809de71d8b44a8b72090478863394a'),('088ac1772a6044339a87c9050bab8979','','早上从天使之城洛杉矶出发，穿越内华达山脉进入北美最大的沙漠--莫哈比沙漠，沿途经过罕见的沙漠景观，翠绿的约书亚树，点缀在一望无边的黄沙中，别有一番情趣。在拉斯维加斯稍作休息之后，继续前往犹他州，沿途欣赏亚历桑纳州处女河绿洲及处女峡谷，进入科罗拉多高原。夜宿【圣乔治】。','/images/2015-07-30/admin/275880c309f549ca9b317081633ea0eb.jpg','','圣乔治',1,'5eb3879bd33c476c9e4e468014c9e5d1'),('0bec954d672e4d0a9bc7c4f95b0b21e0','','早上从天使之城洛杉矶出发，穿越内华达山脉进入北美最大的沙漠--莫哈比沙漠，沿途经过罕见的沙漠景观，翠绿的约书亚树，点缀在一望无边的黄沙中，别有一番情趣。在拉斯维加斯稍作休息之后，继续前往犹他州，沿途欣赏亚历桑纳州处女河绿洲及处女峡谷，进入科罗拉多高原。夜宿【圣乔治】。',NULL,'','圣乔治',1,'ac809de71d8b44a8b72090478863394a'),('12a673d14e734335b0684be4b4ec2222','','沿大盐湖北行，辽阔的草原，驰骋的牛羊，游着名的杰克森牛仔城，沿着蛇河谷，进入【大提顿国家公园】，高耸的山颠覆盖着千年的冰河，山连山，峰连峰，犹胜富士雪山。眺望巍峨的大提顿山脉，柔美的蛇河映衬刚毅的雪山，摄人心魄，一见难忘。随后进入全球第一的【黄石公园】，我们会游览世界著名的【老忠实喷泉区】，和黄石公园的标志性景点【大棱镜】，它也是众多彩池中最大的一个。夜宿黄石湖小木屋。','/Users/zenghongbin/Desktop/travel_img/\\c04a0399c1be401ebddd9593d45528f4.jpg','','喷泉',2,'3a2970025a804a1bb37d697a89fe7ecf'),('12f9d265ac1e44888e98561a4fa26c7f','','今天我们乘着巴士到达东边的黄石瀑布以及【黄石峡谷】，黄石峡谷景点称作艺术家点，上瀑布步道近距离观察那些光怪陆离、五光十色的岩石。然后前往最北边的景点【勐玛温泉】地底的热泉涌出地表，接着沿着石灰形成的台阶流下而成的奇景，接着前往西边的著名景点:【调色盘热泉区】，除了各种原始广袤的大自然景观，黄石还是全美最大的野生动物保留区，它们分散在广阔的山野间，您随时随处都可以看到无拘无束的野牛群游荡，有时会成群结队的渡黄河，有时在若无其事的过马路，自由悠闲，快乐无边，让您深深体会大自然和人和动物之间的和谐相处，共享这个地球。离开美丽的黄石公园后，我们将前往位于爱达荷州的【熊世界】，随后前往盐湖城。抵达之后参观【大盐湖州立公园】',NULL,'','黄石公园(Yellowstone National Park)- 熊世界（Bear Park）-盐湖城(Salt Lake City) -大盐湖(Great Salt Lake)',5,'d92cfedbfa9649dbb2c0415bb16c98af'),('1944a81319684f789ea56e0feb0fca03','','早餐后，沿着科罗拉多高原向东，前往大峡谷上缘的【鲍威尔湖】，跨越科罗拉多河上伟大的水利工程-【格林峡谷水坝】，来到人生必去33个美景之一的【羚羊峡谷】;自费乘吉普车由印第安人带领进入如梦如幻的奇妙世界，穿梭在柳岸花明的七彩洞穴，置身于人间仙境中。随后往红石峡谷，雄伟的赤壁，穿越拱石门，来到八千英高的【布莱斯峡谷】，上万个由风霜雨雪侵蚀而成的石柱，如宝剑直插云霄，如少女婷婷玉立，叹宇宙沧海桑田，如置身世外桃源。夜宿盐湖城。',NULL,'布莱斯峡谷国家公园 格兰水坝 羚羊彩穴 鲍威尔湖','鲍威尔湖(Lake Powell) - 格兰水坝(Glen Dam) - 羚羊彩穴(Antelope Canyon) - 布莱斯峡谷(Bryce Canyon)',3,'d92cfedbfa9649dbb2c0415bb16c98af'),('19909aedac734740b863b823024c8dde','','沿大盐湖北行，辽阔的草原，驰骋的牛羊，游着名的杰克森牛仔城，沿着蛇河谷，进入【大提顿国家公园】，高耸的山颠覆盖着千年的冰河，山连山，峰连峰，犹胜富士雪山。眺望巍峨的大提顿山脉，柔美的蛇河映衬刚毅的雪山，摄人心魄，一见难忘。随后进入全球第一的【黄石公园】，我们会游览世界著名的【老忠实喷泉区】，和黄石公园的标志性景点【大棱镜】，它也是众多彩池中最大的一个。夜宿黄石湖小木屋。','/images/2015-07-30/admin/2c81724ece1240e28eb4b0e4e05a8c89.jpg','','喷泉',2,'5eb3879bd33c476c9e4e468014c9e5d1'),('20d829a274394b6795f9a64f41dcee96','','早上从天使之城洛杉矶出发，穿越内华达山脉进入北美最大的沙漠--莫哈比沙漠，沿途经过罕见的沙漠景观，翠绿的约书亚树，点缀在一望无边的黄沙中，别有一番情趣。在拉斯维加斯稍作休息之后，继续前往犹他州，沿途欣赏亚历桑纳州处女河绿洲及处女峡谷，进入科罗拉多高原。夜宿【圣乔治】。','/Users/zenghongbin/Desktop/travel_img/\\98cfb6ba6c94416abe15c11203192dc0.jpg','','圣乔治',1,'3a2970025a804a1bb37d697a89fe7ecf'),('281602b4b1c841ff861945e0f73a4655','','早餐后前往犹他州首府 - 盐湖城。抵达后参观摩门教大教堂，犹他州政府大厦及【市区观光】。午后乘坐飞机返回家园，结束了您毕生难忘的黄石公园假期。\r\n','/images/2015-07-30/admin/a9f92da8ab2846cd9d7dc4a897364d4b.jpg','','盐湖城(Salt Lake)-原居地（Home）',5,'40fe4a1d19f045c49b5bf0d1076b5593'),('35c533ccaf5c426ea297c4be6c338755','','早上从天使之城洛杉矶出发，穿越内华达山脉进入北美最大的沙漠--莫哈比沙漠，沿途经过罕见的沙漠景观，翠绿的约书亚树，点缀在一望无边的黄沙中，别有一番情趣。在拉斯维加斯稍作休息之后，继续前往犹他州，沿途欣赏亚历桑纳州处女河绿洲及处女峡谷，进入科罗拉多高原。夜宿【圣乔治】。',NULL,'圣乔治 莫哈比沙漠','洛杉矶(Los Angeles) - 拉斯维加斯(Las Vegas) - 圣乔治(St. George)',2,'d92cfedbfa9649dbb2c0415bb16c98af'),('3cc27bb512e24121b20a2f0fbd08a869','','沿大盐湖北行，辽阔的草原，驰骋的牛羊，游着名的杰克森牛仔城，沿着蛇河谷，进入【大提顿国家公园】，高耸的山颠覆盖着千年的冰河，山连山，峰连峰，犹胜富士雪山。眺望巍峨的大提顿山脉，柔美的蛇河映衬刚毅的雪山，摄人心魄，一见难忘。随后进入全球第一的【黄石公园】，我们会游览世界著名的【老忠实喷泉区】，和黄石公园的标志性景点【大棱镜】，它也是众多彩池中最大的一个。夜宿黄石湖小木屋。',NULL,'','大提顿国家公园(Grand Teton National Park) - 黄石公园(Yellowstone National Park)',4,'d92cfedbfa9649dbb2c0415bb16c98af'),('4d746c11458042f3ab3eabd75663f2cb','','早餐后前往黄石国家公园，途经着名牛仔州 - 怀俄明州。一路上可见辽阔的草原，悠闲的牛、羊群，在充满西部风味的【杰克逊】午餐后，沿着【蛇河峡谷】进入【大提顿国家公园】。高耸入云的山峰，覆盖着千年的冰河， 犹如进入人间仙境。随后进入【黄石公园】，沿途可发现成群的美洲水牛及麋鹿等着游客为它们拍照，仿佛进入野生动物园。夜宿黄石小木屋或西黄石。\r\n','/images/2015-07-30/admin/1ad3509ffb95416dbe69936d7dd44776.jpg','','杰克逊(Jackson Cowtown)-大提顿国家公园(Grand Teton National Park)-黄石公园(Yellowstone)',3,'40fe4a1d19f045c49b5bf0d1076b5593'),('4f9a5d00e1d948cfabc5afc84a2b1201','','清晨，驱车途径格兰峡谷，来到大峡谷起源点 - 【鲍威尔湖】，可自费【乘船游览鲍威尔湖】。其海岸线长1960英里，有96个峡谷，犹如将大峡谷搬到湖面上一般。随后，穿越红石峡谷，奇形怪状的岩石陈列在路 旁，抵达8000尺高的【布莱斯峡谷】。上万个色彩艳丽、经过了千万年风霜雨雪侵蚀与风化的石柱，就像妙龄少女亭亭玉立。夜宿盐湖城。\r\n',NULL,'','鲍威尔湖(Lake Powell）-布莱斯峡谷(Bryce Canyon National Park)-盐湖城(Salt Lake City)',2,'b7c649d3156046dcac9a5ad3d17e5489'),('52f4fd3ebc794fca8b13bc68291c4b53','','早上从洛杉矶出发，穿越内华达山脉进入北美最大的沙漠--【莫哈比沙漠】，沿途有美军基地、鬼镇、太平洋联合铁路、州界、海市蜃楼等。下午于拉斯维加斯Circus Circus马戏团酒店停留休息后, 继续前往犹他州，进入科罗拉多高原。夜宿犹他州。\r\n',NULL,'','洛杉矶(Los Angeles) - 拉斯维加斯(Las Vegas) - 圣乔治(ST George)',1,'b7c649d3156046dcac9a5ad3d17e5489'),('828f79d4a4044b76adf09af3dacde2e6','','清晨，驱车途径格兰峡谷，来到大峡谷起源点 - 【鲍威尔湖】，可自费【乘船游览鲍威尔湖】。其海岸线长1960英里，有96个峡谷，犹如将大峡谷搬到湖面上一般。随后，穿越红石峡谷，奇形怪状的岩石陈列在路 旁，抵达8000尺高的【布莱斯峡谷】。上万个色彩艳丽、经过了千万年风霜雨雪侵蚀与风化的石柱，就像妙龄少女亭亭玉立。夜宿盐湖城。\r\n','/images/2015-07-30/admin/087d3c5183884eeabb979b0ad1be1dd4.jpg','','鲍威尔湖(Lake Powell）-布莱斯峡谷(Bryce Canyon National Park)-盐湖城(Salt Lake City)',2,'40fe4a1d19f045c49b5bf0d1076b5593'),('93c067898e094fc99689558cdaef08e0','','早餐后前往黄石国家公园，途经着名牛仔州 - 怀俄明州。一路上可见辽阔的草原，悠闲的牛、羊群，在充满西部风味的【杰克逊】午餐后，沿着【蛇河峡谷】进入【大提顿国家公园】。高耸入云的山峰，覆盖着千年的冰河， 犹如进入人间仙境。随后进入【黄石公园】，沿途可发现成群的美洲水牛及麋鹿等着游客为它们拍照，仿佛进入野生动物园。夜宿黄石小木屋或西黄石。\r\n',NULL,'','杰克逊(Jackson Cowtown)-大提顿国家公园(Grand Teton National Park)-黄石公园(Yellowstone)',3,'b7c649d3156046dcac9a5ad3d17e5489'),('9984bd3b37d5446dbfa6932bbc0a8cf1','','整天游览黄石国家公园。浪漫的【黄石湖】，宏伟秀丽的【黄石峡谷】，万马奔腾的【黄石瀑布】，奇妙的【老忠实喷泉】，神秘的巨象温泉分布在这古老火山高原及全美最大的野生动物保护区，黑熊、灰熊、高角鹿和多种稀有水鸟以此为家。夜宿盐湖城。\r\n',NULL,'','黄石公园(Yellowstone)- 盐湖城( Salt Lake City)',4,'b7c649d3156046dcac9a5ad3d17e5489'),('a76729e2a6254a0d9852716b626d7525','','整天游览黄石国家公园。浪漫的【黄石湖】，宏伟秀丽的【黄石峡谷】，万马奔腾的【黄石瀑布】，奇妙的【老忠实喷泉】，神秘的巨象温泉分布在这古老火山高原及全美最大的野生动物保护区，黑熊、灰熊、高角鹿和多种稀有水鸟以此为家。夜宿盐湖城。\r\n','/images/2015-07-30/admin/d0783b85ab7146369444caaf69872121.jpg','','黄石公园(Yellowstone)- 盐湖城( Salt Lake City)',4,'40fe4a1d19f045c49b5bf0d1076b5593'),('bb8a01702488486daf3bd2002c1b2821','','早上从洛杉矶出发，穿越内华达山脉进入北美最大的沙漠--【莫哈比沙漠】，沿途有美军基地、鬼镇、太平洋联合铁路、州界、海市蜃楼等。下午于拉斯维加斯Circus Circus马戏团酒店停留休息后, 继续前往犹他州，进入科罗拉多高原。夜宿犹他州。\r\n','/images/2015-07-30/admin/21194293e1874d348ff42b9af2d68cd8.jpg','','洛杉矶(Los Angeles) - 拉斯维加斯(Las Vegas) - 圣乔治(ST George)',1,'40fe4a1d19f045c49b5bf0d1076b5593'),('c65f31f44c6344448fe1c39d7e412ae6','','愉快的旅程将从您降落于洛杉矶国际机场(LAX)的那刻开始，（请选择洛杉矶国际机场LAX作为您到达的地点）热情的导游将在行李认领处手举走四方接机牌及贵宾姓名的牌子等候您的到来,如果您乘坐的是国际航班，导游会在游客出口处等候您。经过大约45分钟的路程，导游会把您送往下榻的酒店，您可以自行安排余下的时间。',NULL,'','原居地(Home) - 洛杉矶(Los Angeles)',1,'d92cfedbfa9649dbb2c0415bb16c98af'),('c89537438f32439e8d1a03628ec4591d','','早餐后前往犹他州首府 - 盐湖城。抵达后参观摩门教大教堂，犹他州政府大厦及【市区观光】。午后乘坐飞机返回家园，结束了您毕生难忘的黄石公园假期。\r\n',NULL,'','盐湖城(Salt Lake)-原居地（Home）',5,'b7c649d3156046dcac9a5ad3d17e5489');
/*!40000 ALTER TABLE `tb_biz_route_node` ENABLE KEYS */;
UNLOCK TABLES;


/*!40101 SET SQL_MODE=@OLD_SQL_MODE */;
/*!40014 SET FOREIGN_KEY_CHECKS=@OLD_FOREIGN_KEY_CHECKS */;
/*!40014 SET UNIQUE_CHECKS=@OLD_UNIQUE_CHECKS */;
/*!40101 SET CHARACTER_SET_CLIENT=@OLD_CHARACTER_SET_CLIENT */;
/*!40101 SET CHARACTER_SET_RESULTS=@OLD_CHARACTER_SET_RESULTS */;
/*!40101 SET COLLATION_CONNECTION=@OLD_COLLATION_CONNECTION */;
/*!40111 SET SQL_NOTES=@OLD_SQL_NOTES */;

